{
    "faces":[33,80,27,3,44,0,0,0,0,33,79,33,7,40,1,1,1,1,33,78,34,8,47,2,2,2,2,33,77,31,6,48,3,3,3,3,33,76,49,20,36,4,4,4,4,33,75,50,21,51,5,5,5,5,33,74,43,15,52,6,6,6,6,33,73,53,19,35,7,7,7,7,33,72,54,22,55,8,8,8,8,33,71,46,18,56,9,9,9,9,33,70,57,12,28,10,10,10,10,33,69,58,23,59,11,11,11,11,33,68,45,17,60,12,12,12,12,33,67,61,16,32,13,13,13,13,33,66,62,24,63,14,14,14,14,33,65,39,11,64,15,15,15,15,33,62,65,64,24,16,16,16,16,33,20,48,65,62,17,17,17,17,33,48,6,39,65,18,18,18,18,33,45,66,63,17,19,19,19,19,33,8,36,66,45,20,20,20,20,33,36,20,62,66,21,21,21,21,33,33,67,32,7,22,22,22,22,33,17,63,67,33,23,23,23,23,33,63,24,61,67,24,24,24,24,33,58,68,60,23,25,25,25,25,33,19,47,68,58,26,26,26,26,33,47,8,45,68,27,27,27,27,33,29,69,59,13,28,28,28,28,33,4,35,69,29,29,29,29,29,33,35,19,58,69,30,30,30,30,33,41,70,28,2,31,31,31,31,33,13,59,70,41,32,32,32,32,33,59,23,57,70,33,33,33,33,33,54,71,56,22,34,34,34,34,33,14,30,71,54,35,35,35,35,33,30,5,46,71,36,36,36,36,33,25,72,55,9,37,37,37,37,33,0,42,72,25,38,38,38,38,33,42,14,54,72,39,39,39,39,33,37,73,35,4,40,40,40,40,33,9,55,73,37,41,41,41,41,33,55,22,53,73,42,42,42,42,33,50,74,52,21,43,43,43,43,33,10,26,74,50,44,44,44,44,33,26,1,43,74,45,45,45,45,33,46,75,51,18,46,46,46,46,33,5,38,75,46,47,47,47,47,33,38,10,50,75,48,48,48,48,33,34,76,36,8,49,49,49,49,33,18,51,76,34,50,50,50,50,33,51,21,49,76,51,51,51,51,33,49,77,48,20,52,52,52,52,33,21,52,77,49,53,53,53,53,33,52,15,31,77,54,54,54,54,33,53,78,47,19,55,55,55,55,33,22,56,78,53,56,56,56,56,33,56,18,34,78,57,57,57,57,33,57,79,40,12,58,58,58,58,33,23,60,79,57,59,59,59,59,33,60,17,33,79,60,60,60,60,33,61,80,44,16,61,61,61,61,33,24,64,80,61,62,62,62,62,33,64,11,27,80,63,63,63,63],
    "normals":[0.036329,0.99868,-0.036303,-0.007335,0.941985,-0.335576,-0.030181,0.999061,0.031099,0.297225,0.95366,0.0468,0.683395,0.7284,0.049033,0.091498,0.959144,0.267713,0.117652,0.992212,0.040909,-0.446591,0.894731,-0.003472,-0.126917,0.979827,0.154374,0.081305,0.881479,0.465172,-0.047235,0.992491,-0.11283,-0.359457,0.930896,-0.064985,0.011715,0.824056,-0.566387,0.057772,0.977314,-0.203766,0.262343,0.824171,-0.501915,0.268798,0.9623,-0.041542,0.428642,0.88007,-0.204312,0.443266,0.89254,0.082994,0.326147,0.94508,-0.021274,0.053028,0.794287,-0.605224,0.038244,0.998944,-0.025455,0.611313,0.789124,0.059832,0.054773,0.952685,-0.298983,0.115427,0.932863,-0.341237,0.097695,0.933893,-0.343946,-0.298407,0.910198,-0.287216,-0.435987,0.893294,-0.109273,-0.021515,0.999509,-0.022797,-0.160296,0.985472,-0.056118,-0.204731,0.97879,0.007416,-0.417174,0.903504,-0.098216,0.01916,0.99959,-0.021288,-0.05512,0.996882,-0.056461,-0.261614,0.931155,-0.253983,-0.223699,0.921423,0.317709,-0.042072,0.982097,0.183616,0.04389,0.979286,0.197667,-0.089138,0.993617,0.069139,-0.008475,0.999852,0.014961,-0.053939,0.994921,0.08499,-0.233966,0.97133,-0.042176,-0.21032,0.975928,0.057699,-0.277806,0.927338,0.250736,0.227208,0.951041,0.209517,0.058669,0.995013,0.080666,0.028163,0.999589,-0.005293,0.024908,0.938238,0.345092,-0.052041,0.978071,0.201665,0.064077,0.977419,0.201362,0.049745,0.998067,0.03724,0.100395,0.781523,0.615746,0.371951,0.823517,0.428336,0.35127,0.934418,0.058929,0.36141,0.927942,0.091135,0.215664,0.97599,0.030535,-0.391843,0.918782,0.047936,-0.359213,0.854696,0.374782,0.005498,0.839891,0.542727,-0.066489,0.964693,-0.254846,-0.080781,0.921334,-0.380287,-0.008022,0.940747,-0.339014,0.040736,0.99257,-0.114657,0.186922,0.948047,-0.257426,0.153077,0.985168,-0.077535],
    "vertices":[-3.58024,0.067794,3.58024,3.58024,0.056848,3.58024,-3.58001,0.067793,-3.58011,3.58076,-0,-3.57994,-3.53517,0.067793,0.000392,0.04309,0.056848,3.56107,3.64073,-0,0.003672,0.07089,-0,-3.59023,0.524933,1.28601,0.289464,-3.56077,0.067793,1.79835,1.81293,0.056848,3.57251,3.61947,-0,-1.78227,-1.75156,0.008743,-3.56768,-3.55056,0.067793,-1.79213,-1.77403,0.058322,3.58533,3.60905,0.008004,1.79791,1.83411,-0,-3.566,0.303042,0.67757,-1.70724,0.26274,0.621093,1.82367,-1.49682,0.860333,-0.024441,2.07146,0.544938,0.095024,1.98642,0.452317,1.77018,-1.61907,0.356453,1.81743,-1.57461,0.589894,-1.84749,2.00858,0.457777,-1.78668,-3.57644,0.067793,2.6874,2.68877,0.056848,3.5823,3.59346,-0,-2.67884,-2.67352,0.031557,-3.57355,-3.53955,0.067793,-0.887781,-0.863959,0.056874,3.5851,3.6343,0.000192,0.893285,0.961608,-0,-3.58908,0.181021,0.317381,-2.72077,0.433453,1.27361,0.954026,-2.53754,0.270618,0.004766,1.33001,1.26213,0.064023,-3.53723,0.067793,0.879255,0.935489,0.056848,3.55954,3.63491,-0,-0.881029,-0.831621,9.1e-05,-3.58929,-3.57085,0.067793,-2.67971,-2.68223,0.061988,3.58196,3.58537,0.026852,2.68799,2.70002,-0,-3.57294,0.433575,1.27352,-0.835683,0.128092,0.188877,2.71085,-0.462934,1.27453,0.054496,2.85713,0.287617,-0.027917,2.04575,0.530838,0.951968,1.89253,0.178012,2.66686,1.12665,0.479311,1.84915,2.79399,0.158149,1.77944,-1.52433,0.779678,0.863002,-1.69325,0.194407,2.65947,-2.58185,0.221969,1.75398,-0.631758,0.765088,1.75177,-1.66783,0.179743,-2.69107,-1.531,0.641291,-0.860696,-2.57561,0.173931,-1.77733,-0.616548,0.660843,-1.74881,1.91706,0.138041,-2.65611,2.07755,0.757208,-0.91435,1.17369,0.570184,-1.69389,2.81381,0.188928,-1.81756,2.84551,0.253884,-0.909077,1.28918,1.22643,-0.900525,1.06183,0.233727,-2.66394,-0.503976,1.23649,-0.910746,-2.54106,0.282581,-0.903848,-2.62997,0.06896,-2.67026,-0.760185,0.275119,2.65806,-2.64484,0.08935,2.66944,-2.53574,0.345143,0.843634,2.73433,0.075851,2.66798,1.03855,0.299066,2.6432,1.28904,1.22555,0.889136,2.83412,0.207198,0.904309,-0.504101,1.23658,0.878952,-0.726662,0.301918,-2.7253,2.75461,0.061939,-2.70276],
    "metadata":{
        "version":3,
        "normals":64,
        "type":"Geometry",
        "faces":64,
        "uvs":0,
        "vertices":81,
        "generator":"io_three"
    },
    "uvs":[]
}